https://images.reverb.com/image/upload/s--HKwmxcPf--/f_auto,t_supersize/v1564515436/s8soi8bmx0faugnidlkp.jpg
https://www.thomann.de/pics/bdb/453879/13736011_800.jpg
https://c1.zzounds.com/media/productmedia/fit,2018by3200/quality,85/1_Full_Straight_Front_NA-6add97eb2eb21bafc56e5c169ab2249c.jpg
https://shop.fender.com/on/demandware.static/-/Library-Sites-Fender-Shared/default/dw31bd5c5e/fender/nav-2019/taxonomy-electric-guitar-vintera-telecaster2%402x.png
https://media.sweetwater.com/api/i/q-82__ha-6cc754acb1b88243__hmac-57727c52dc4e3fcf67f94b6a2d4ab86d3f0cf828/images/items/750/TeleAPMBK-large.jpg
https://www.pmtonline.co.uk/media/catalog/product/cache/1/image/2400x/9df78eab33525d08d6e5fb8d27136e95/5/8/58629-176476-fender-player-telecaster-1.jpg
https://shop.fender.com/on/demandware.static/-/Library-Sites-Fender-Shared/default/dw0adba7db/fender/grid%20images/taxonomy-electric-guitar-telecaster-american-performer.png
https://www.dawsons.co.uk/media/catalog/product/cache/1/image/85e4522595efc69f496374d01ef2bf13/0/1/0145213515_gtr_frt_001_rr_1.jpg
https://media.sweetwater.com/api/i/q-82__ha-f89bac9dfeb00b8d__hmac-18b7cffa426adc6d6fc7f813df2d44003bce0063/images/items/750/TeleKotzen-large.jpg
https://images-na.ssl-images-amazon.com/images/I/61n-qyA3pCL._SL1500_.jpg
https://strumpdx.com/wp-content/uploads/2019/03/DSCF8131.jpg
https://cdn11.bigcommerce.com/s-qmkmkpbc/images/stencil/1280x1280/products/7866/49417/FEN-TELE-JIMMY-PAGE-MIRROR-RW-WBL---2019-USA01578angle-left__24019.1560533360.jpg?c=2&imbypass=on
https://www.pmtonline.co.uk/media/catalog/product/cache/1/image/2400x/9df78eab33525d08d6e5fb8d27136e95/5/8/58617-176474-fender-player-telecaster-1.jpg
https://shop.guitarpoint.de/media/images/org/Fender62TeleBld74449_21.jpg
https://images.reverb.com/image/upload/s--AhwiUnFJ--/f_auto,t_supersize/v1544741741/j9weamkaohteehwxjlzm.jpg
https://gbmedia.azureedge.net/aza/user/gear/1969-fender-telecaster-with-fact-blonde-1.jpg
https://images.reverb.com/image/upload/s--6ut1DxbM--/f_auto,t_supersize/v1552949672/klu0qppcgxquaxkz1jr0.jpg
https://media.sweetwater.com/api/i/q-82__ha-af9525670a20edbe__hmac-b22c007795b81db5ab22033c3b74d0e54252c6ee/images/items/750/Tele53HRBSB-large.jpg
https://www.emeraldcityguitars.com/wp-content/uploads/2017/04/1968FenderTelecasterMapleCap-1-1.jpg
https://images.reverb.com/image/upload/s--VoxvJJHc--/f_auto,t_large/v1557177897/mcmooqol2jm838t16qim.jpg
https://cdn11.bigcommerce.com/s-3sa9anat/images/stencil/2048x2048/products/1908/11292/Fender_American_Original_50s_Telecaster_0110132850_2__14960.1517000166.JPG?c=2
https://cdn.shopify.com/s/files/1/1304/0581/products/IMG_1281_c248127a-1989-417c-82e3-b74dc45e60f1.jpg?v=1514927366
https://cdn11.bigcommerce.com/s-qmkmkpbc/images/stencil/1280x1280/products/4869/46048/Fender-American-Professional-Telecaster_US19002307_Angle-Left__43377.1551807820.jpg?c=2&imbypass=on
https://images.reverb.com/image/upload/s--wlyAqpff--/a_exif,c_limit,e_unsharp_mask:80,f_auto,fl_progressive,g_south,h_620,q_90,w_620/v1465502913/od1m4sw9lprhehab3uje.jpg
https://cdn.shopify.com/s/files/1/1923/5439/products/dc8251035e1a16fd1ca7b90589d7c16c92f13d195fcc08810453a44566e6538f.jpg?v=1565351297
https://shop.guitarpoint.de/media/images/org/Fender76TeleNT7623523_2.jpg
https://cmvictor.com/wp-content/uploads/2017/04/fender-telecaster-guitar-classic-series-50s-maple-neck-white-blonde-lacquer.jpe
https://www.fmicassets.com/Damroot/ZoomJpg/10001/0115112384_gtr_frt_001_rr.jpg
https://sc1.musik-produktiv.com/pic-010110176xxl/fender-american-performer-tele-hum-mn-vwt.jpg
https://www.thomann.de/thumb/opengraph/pics/prod/180891.jpg
https://images.reverb.com/image/upload/s--e5fv0ZPf--/a_exif,c_limit,e_unsharp_mask:80,f_auto,fl_progressive,g_south,h_1600,q_80,w_1600/v1524081425/vs4dj3o6ad8blszgippz.jpg
https://guitarplace.de/media/image/7e/10/25/DSC_00275d12199ff4221_800x600.jpg
https://www.gitarrebass.de/wp-content/uploads/2015/08/Telecaster.jpg
https://imperialvintageguitars.com/wp-content/uploads/imported/5/2007-Fender-Telecaster-Special-Edition-MIJ-Blue-Flower-Electric-Guitar-wOHSC-273032889455.jpg
https://cdn11.bigcommerce.com/s-qmkmkpbc/images/stencil/1280x1280/products/7381/45273/Fender-American-Performer-Telecaster_US18088885_Angle-Left__12565.1549901159.jpg?c=2&imbypass=on
https://shop.r10s.jp/westmusic/cabinet/05842895/imgrc0069540004.jpg
https://sc1.musik-produktiv.com/pic-010110174xxl/fender-american-performer-tele-hum-rw-ssfg.jpg
https://i.ytimg.com/vi/FcpEc7ehO8A/maxresdefault.jpg
https://images-na.ssl-images-amazon.com/images/I/71GByhRUh8L._SY879_.jpg
https://assets.catawiki.nl/assets/2018/12/1/e/0/a/e0a21ad3-5695-4067-bf13-86bea3dc41f3.jpg
https://cdn11.bigcommerce.com/s-3sa9anat/images/stencil/2048x2048/products/2511/16058/DSC08500__94017.1563396858.JPG?c=2
https://media.sweetwater.com/api/i/q-82__ha-e2ffb0bb0d9dfbfd__hmac-a4b2b608d18add7dba31d19f98e9632bb02ded84/images/items/750/ASTeleNat-large.jpg
https://cdn.shopify.com/s/files/1/0533/5597/products/web-front.jpg?v=1545491835
https://shop.r10s.jp/westmusic/cabinet/fender/imgrc0073201965.jpg
https://andertons-productimages.imgix.net/341627-0145212550_gtr_frt_001_rr%20-%20Copy.jpg?w=680&h=680&fit=fill&bg=FFFFFF&auto=compress&auto=format
https://cdn.shopify.com/s/files/1/1923/5439/products/49d3ee45ab2fe78fb5a3b87d1d9ba63fb4d5628c2ccd87c7085c42a4541f0e56.jpg?v=1564750487
https://www.uberchord.com/wp-content/uploads/2015/05/Fender-Telecaster-Uberchord-Blog-Post-1024x740.png
https://www.adorama.com/images/Large/fe0141212321.jpg
https://gbmedia.azureedge.net/aza/user/gear/1968-fender-telecaster-bass-cream-1-lbYljbw.jpg
https://stuff.fendergarage.com/images/J/f/c/fcwm-products-electric-guitars-telecaster-01-hero-american-standard@2x.jpg
https://cdn.shopify.com/s/files/1/0202/0250/products/Deluxe-Nashville-Telecaster-RW---Daphne-blue---STOCK-front-close.jpg?v=1468870324
https://guitarguysohio.com/wp-content/uploads/2017/08/DSC00995.jpg
https://i.ebayimg.com/images/g/2O8AAOSwvjBbGJcc/s-l640.jpg
http://www.station-musicshop.de/WebRoot/Store8/Shops/64398533/5CA1/ECBF/EA0C/1E66/94DE/0A0C/6D08/A236/fender_tele-58-vc-8354-awb.jpg
https://www.woodbrass.com/images/SQUARE400/woodbrass/TELE_SPE_EDIT_CHERRY.JPG
https://images-na.ssl-images-amazon.com/images/I/71AhDQNLDFL._SL1500_.jpg
https://www.monsteramps.fi/wp-content/uploads/IMG_0488.jpg
https://guitarguysohio.com/wp-content/uploads/2019/05/DSC08366.jpg
https://cdn.webshopapp.com/shops/179375/files/288661869/fender-fender-jimmy-page-mirror-telecaster.jpg
https://www.pmtonline.co.uk/media/catalog/product/cache/1/image/2400x/9df78eab33525d08d6e5fb8d27136e95/6/9/69293-301276-fender-jimmy-page-telecaster-rw-natural-0146230721-1_compressed.jpg
https://static.guitarcenter.com/static/gc/enhance-pdp/Fender/Fender-American-Performer-Telecaster-HS-body.jpg
https://cdn.shoplightspeed.com/shops/608856/files/13696400/fender-new-fender-rarities-red-mahogany-top-teleca.jpg
https://guitar.com/wp-content/uploads/2019/01/tele-oral-history-feature@1400x1050.jpg
https://shop.guitarpoint.de/media/images/org/Fender68TeleBldMN252901_2.jpg
https://images.reverb.com/image/upload/s--b7wbkpsu--/f_auto,t_supersize/v1541106508/dtev9812cqtcljl4ctzr.jpg
https://cdn.shopify.com/s/files/1/0202/0250/products/Fender_Tele-AmericanDeluxe-2004_angle.jpg?v=1445017924
https://c1.zzounds.com/media/productmedia/fit,2018by3200/quality,85/1_Full_Straight_Front_NA-600ce1c50c2f666f563f303741ceff77.jpg
https://cdn11.bigcommerce.com/s-dks6ju/images/stencil/1280x1280/products/8282/77885/0251600506_3__92505.1444079310.jpg?c=2&imbypass=on
https://artisanguitars.com/sites/default/files/guitar_product_images/IMG_8830-1.jpg
https://www.kloppmann-electrics.com/media/image/62/22/d2/Tele-69-Diamond-Pegs_11_600x600.jpg
https://cdn1.bigcommerce.com/server3600/49c12/products/17511/images/39182/api5emwcr__24382.1503421732.1280.1280.jpg?c=2
https://static.keymusic.com/products/276468/XL/fender-american-performer-telecaster-satin-sonic-blue-5.jpg
https://images.reverb.com/image/upload/s--0sC-r5D2--/f_auto,t_supersize/v1544743060/bz3nu4jvrs16phy3oatm.jpg
https://musik-rimmel.de/content/images/thumbs/004/0042946_miniatur-gitarre-fender-telecaster-butterscotch-blonde-inklusive-case-und-stander_560.jpeg
https://cdn11.bigcommerce.com/s-d7gj5x0hjm/images/stencil/1280x1280/products/14101/80830/IMG_2788Edited__89015.1548357072.jpg?c=2&imbypass=on
http://www.lidgettmusic.com/wp-content/uploads/2017/07/DSC07228.jpg
http://www.jimsguitars.com/media_files/dropit/960/20190605190958.jpg
https://i.ytimg.com/vi/Sh53n4GsFi8/maxresdefault.jpg
https://media.hugendubel.de/shop/coverscans/330/3307623_9780793508600_xl.jpg
http://musicasatiendas.com/4030-large_default/fender-telecaster-standard-mexico-artic-white-mn-0145102380.jpg
https://guitarplace.de/media/image/02/c1/fb/DSC_0001-15ca3a1607a9c8_800x600.jpg
http://vintageguitarsaustralia.com/wp-content/uploads/2017/08/TELE1.jpg
https://murphsgiftofmusic.org/wp-content/uploads/2017/09/Nov16_PG_COL_Vintage-Vault_1958-Fender-Tele-A_WEB.jpg
https://cdn.shopify.com/s/files/1/0659/1811/products/blue-4_1024x1024.png?v=1496449666
https://www.conceptmusic.com.au/image/cache/catalog/19021-FENDER-AMERICAN-ORIGINAL-50'S-TELECASTER-2-1050x1200.jpg
https://imperialvintageguitars.com/wp-content/uploads/imported/7/1994-Fender-Telecaster-50s-Reissue-Foto-Flame-Finish-Electric-Guitar-MIJ-Japan-273426792087.JPG
https://images.reverb.com/image/upload/s--ntoK5nvS--/f_auto,t_supersize/v1567211821/otzpapykxkmeywfprfgw.jpg
https://www.kitarapaja.com/images/products/img-1959_orig.jpg
https://cdn.shopify.com/s/files/1/0899/5804/products/IMG_2704_f344b026-6e9f-433a-b9fa-4892529dae9c_2048x.JPG?v=1562205228
https://cdn.webshopapp.com/shops/179375/files/244765241/683x1024x2/fender-fender-telecaster-deluxe-moccha-brown-1977.jpg
https://www.tarotrade.com/images/stories/virtuemart/product/Fender%20Made%20in%20Japan%20HARUNA%20TELECASTER%20%201.jpg
https://i.ebayimg.com/00/s/MTAyNFg3Njg=/z/W1AAAOSw89lctL3i/$_72.JPG
https://max.guitars/media/catalog/product/cache/3f22b0a2dfabf8abf9e4e4098e8b1448/f/e/fender-cs-63-tele-heavy-relic-r88939-1.jpg
https://www.gitarrebass.de/wp-content/uploads/2018/01/Fender-American-Original-60s-Telecaster-Lake-Placid-Blue.jpeg
https://guitarshop.es/wp-content/uploads/Fender-Telecaster-70s-BK-Q053980-2-600x600.jpg
https://cdn.shopify.com/s/files/1/0975/2962/products/image_3cdc8d88-5ea2-477d-8882-a3435ca595dc_2048x.jpg?v=1493286544
https://www.kloppmann-electrics.com/media/image/d8/2a/e5/69-Tele-Diamond-Pegs_09.jpg
https://cdn8.bigcommerce.com/s-py7p1m9g1d/images/stencil/1600x1600/products/507/1326/119402731__21750.1495062137.jpg?c=2&imbypass=on
http://www.station-musicshop.de/WebRoot/Store8/Shops/64398533/58F6/086E/5F78/A0B6/8B2F/C0A8/29BF/69F1/fender_tele-61r-0994-aowt.jpg
https://images.reverb.com/image/upload/s--1AaxkGzo--/a_exif,c_limit,e_unsharp_mask:80,f_auto,fl_progressive,g_south,h_1600,q_80,w_1600/v1527721281/hdcsm2fxvnh6qta5wbxc.jpg
https://images.reverb.com/image/upload/s--1AaxkGzo--/a_exif,c_limit,e_unsharp_mask:80,f_auto,fl_progressive,g_south,h_1600,q_80,w_1600/v1527721281/hdcsm2fxvnh6qta5wbxc.jpg
https://i.ebayimg.com/images/g/hPkAAOSwc81dW~Jb/s-l300.jpg
https://cdn.shopify.com/s/files/1/1898/9465/products/011-5112-341_profile_1000x.jpg?v=1545599204
https://cdn2.bigcommerce.com/n-pktq5q/th2h0u/products/1881/images/8874/IMG_4106__90397.1528230464.1280.1280.JPG?c=2
http://www.station-musicshop.de/WebRoot/Store8/Shops/64398533/5C3C/8764/4CF4/01A6/CD97/0A0C/6D02/4C44/fender_tele-56jrn-6621-wf2cs.jpg
https://cache.willhaben.at/mmo/0/328/346/330_-1374950527.jpg
https://www.gitarrentotal.ch/wp-content/uploads/2019/07/FenderTelecasterBlonde1967-2.jpg
https://www.thomann.de/pics/bdb/439170/13994796_800.jpg
https://cdn.shopify.com/s/files/1/1796/5571/products/0115112341.jpg?v=1564196827
https://assets.catawiki.nl/assets/2017/12/12/4/7/4/474ada52-cf06-41a7-9615-e27d73cdca3f.jpg
https://images-na.ssl-images-amazon.com/images/I/51oElFdIYSL._SX425_.jpg
https://cdn.shopify.com/s/files/1/1304/0581/products/IMG_7709.jpg?v=1528933312
https://www.portmacguitars.com.au/assets/thumbL/5651600357.jpg?1530059416
https://cdn.shoplightspeed.com/shops/608856/files/14568512/fender-demo-fender-vintera-60s-telecaster-3-color.jpg
https://megamusic.blob.core.windows.net/images/0010828_fender-parallel-universe-troublemaker-telecaster-electric-guitar-ice-blue-metallic.jpg
https://cdn.shopify.com/s/files/1/0195/7232/products/Fender-Tele-Deluxe-Mocha-1973-1.JPG?v=1562652120
https://static.guitarcenter.com/static/gc/enhance-pdp/Fender/American_Elite_Telecaster_case.jpg
https://cosmomusic.ca/media/catalog/product/cache/1/image/9df78eab33525d08d6e5fb8d27136e95/F/S/FSGFFEN11307250_0_1.jpg
https://bilder.kalaydo.de/kalaydo/images/2019/08/06/10/afcee042/medium_image_0.jpg?lastModified=1565081596000
https://www.rimmersmusic.co.uk/images/fender-player-telecaster-left-handed-pau-ferro-fingerboard-polar-white-p41900-82711_image.jpg
https://cache.willhaben.at/mmo/4/326/677/924_-913117510.jpg
https://images.reverb.com/image/upload/s--_jhmAw02--/f_auto,t_supersize/v1533300363/noskvkjeqpseuyafbl13.jpg
https://i0.wp.com/www.mypatentprints.com/wp-content/uploads/2016/09/fender-telecaster-guitar-patent-1951-patent-print-wall-decor-music-poster-music-art-musical-instrument-patent-guitar-patent-fender-57ccd7e62.jpg?fit=1021%2C1500&ssl=1
https://imperialvintageguitars.com/wp-content/uploads/imported/7/1975-Fender-Telecaster-Natural-Finish-Original-Vintage-Electric-Guitar-wOHSC-264288080307.JPG
https://cdna1.zoeysite.com/Adzpo594RQGDpLcjBynL1z/cache=expiry:31536000//auto_image/compress/https://s3.amazonaws.com/zcom-media/sites/a0iE000000MdCd6IAF/media/catalog/product/F/e/Fender_Telecaster_Custom_72_Used_146462.jpg
https://upload.wikimedia.org/wikipedia/commons/thumb/5/52/Fender_72_Telecaster_Thinline.png/220px-Fender_72_Telecaster_Thinline.png
https://images.reverb.com/image/upload/s--1fAQ-ZWw--/f_auto,t_supersize/v1564523488/bt7e7tj2cmhujcmjslrb.jpg
https://smhttp-ssl-69079.nexcesscdn.net/media/catalog/product/cache/1/medium_image/640x640/5e06319eda06f020e43594a9c230972d/f/e/fender-guitars-0137702392-0/0137702392.jpg
https://images.reverb.com/image/upload/s--sFXPrwZ_--/a_exif,c_limit,e_unsharp_mask:80,f_auto,fl_progressive,g_south,h_1600,q_80,w_1600/v1521317088/w7uobcnjlkleveus5r1p.jpg
https://sc1.musik-produktiv.com/pic-010091599xxl/fender-custom-shop-67-telecaster-aged-white.jpg
https://cdn.shopify.com/s/files/1/0758/4003/products/fender_custom_shop_claro_walnut_artisan_telecaster_cz532976_1_2048x2048.JPG?v=1542120586
https://www.worldofmusic.com.au/wp-content/uploads/2019/02/Fender-Acoustasonic-Telecaster.jpg
https://assets.fatllama.com/images/medium/fender-72-telecaster-deluxe--46470801.JPG
https://static.keymusic.com/products/263443/XL/fender-american-original-50s-telecaster-mn-butterscotch-blonde-3.jpg
https://shop.r10s.jp/westmusic/cabinet/ichiji2/imgrc0069273697.jpg
http://spacetonemusic.com/assets/images/73T1.jpg
https://www.picclickimg.com/d/l400/pict/132789594358_/Fender-Telecaster-Thinline.jpg
https://render.fineartamerica.com/images/rendered/default/poster/8/10/break/images/artworkimages/medium/1/fender-telecaster-58-mark-rogan.jpg
https://vintageandrareguitars.com/wp-content/uploads/2017/10/VnR-95-39.jpg
https://cdn.webshopapp.com/shops/179375/files/296997309/683x1024x2/fender-fender-telecaster-natural-1972.jpg
https://shop.triadestrumenti.it/image/cache/catalog/prodotti/Chitarre/Chitarre%20Elettriche%20Solid%20Body/fender_telecaster_road_worn_50s_1-800x800.JPG
https://guitarplace.de/media/image/bb/d3/99/DSC_00055c9b94575d363_800x600.jpg
https://andertons-productimages.imgix.net/294051-L25718000001000_IMAGE_02.png
https://58eca9fdf76150b92bfa-3586c28d09a33a8c605ed79290ca82aa.ssl.cf3.rackcdn.com/fender-american-performer-telecaster-sh-rosewood-aubergine-786629.jpg
https://nginx.new.muzikercdn.com/uploads/products/566/56690/thumb_d_gallery_e682018e.jpg
https://leadmusic.com/wp-content/uploads/2019/06/used-Tele-HH-small.jpg
https://i.ebayimg.com/00/s/NzY4WDEwMjQ=/z/mG4AAOSwKDBdFNlC/$_72.JPG
https://static.turbosquid.com/Preview/2014/05/24__17_05_46/tele_lw_ad.jpgef381bc0-56d4-4cfb-954d-9d4e76cb64feLarger.jpg
https://gregboyd.com/wp-content/uploads/2018/11/FenderSparkleGreenTele_Top.jpg
https://www.musikhaus-hermann.de/media/image/e8/ea/4f/a6-4581-Fender-Custom-Shop-1952-Telecaster-Humbucker-heavy-relic-52er-Tele-Butterscotch-BLD-1.jpg
https://www.emeraldcityguitars.com/wp-content/uploads/2018/06/1965FenderTelecasterCAR-8.jpg
https://images.reverb.com/image/upload/s---y6nY5yw--/f_auto,t_supersize/v1548706490/miaxiogrer7iglsumohq.png
https://davesguitar.com/wp-content/uploads/2019/03/158447.jpg
https://www.williesguitars.com/wp-content/uploads/67telebk.jpg
http://www.long-mcquade.com/files/127254/lg_547b5809870c26da99e99f9797204077.png
https://gitarre.online/wp-content/uploads/2017/12/Fender-Squier-Telecaster-Affinity-Rot.jpg
https://images.equipboard.com/uploads/item/image/31414/fender-artist-series-joe-strummer-telecaster-xl.jpg?v=1568532946
http://www.station-musicshop.de/WebRoot/Store8/Shops/64398533/588F/6BE2/30C1/E8D6/868F/C0A8/29BF/D6B1/fender_tele-ampro-pine-ltd.jpg
https://cdn.shopify.com/s/files/1/1304/0581/products/IMG_2025_0ffd3e2c-fb27-476e-aad4-23066430ecf6.jpg?v=1503605714
https://legacymusic.com/wp-content/uploads/2019/01/Fender-Classic-Series-50s-Telecaster-Lacquer-2TSB-body-left.jpeg
https://images.reverb.com/image/upload/s--aYPrjpnu--/a_exif,c_limit,e_unsharp_mask:80,f_auto,fl_progressive,g_south,h_1600,q_80,w_1600/v1521489243/gcgupatmqgvcdqnykoy5.jpg
https://www.ginoguitars.com/bmz_cache/6/6e8cf6c046941aeaa748da96b0f4b2c0.image.1140x760.jpg
https://i2.wp.com/www.lavintagegear.com/wp-content/uploads/2018/10/new-71.jpg?fit=805%2C1000&ssl=1
https://cdn11.bigcommerce.com/s-dks6ju/images/stencil/1280x1280/products/16185/163664/6443192e-b287-5793-bc31-96dd64f33ea4__39809.1550777536.jpg?c=2&imbypass=on
https://www.thomann.de/pics/bdb/453881/13697741_800.jpg
https://www.worldofmusic.com.au/wp-content/uploads/2019/06/Fender-Vintera-70s-tele-custom-blue-body.jpg
https://nginx.new.muzikercdn.com/uploads/products/291/29133/thumb_d_gallery_base_6c8c7749.png
https://www.ghislerimusica.it/ps/1131-large_default/chitarre-elettriche-fender-telecaster-aged-candy-apple-red-over-pink-paisley.jpg
https://upload.wikimedia.org/wikipedia/commons/thumb/0/0c/2012_Fender_Telecaster_Cabronita_%28Mexico%29_upright.jpg/220px-2012_Fender_Telecaster_Cabronita_%28Mexico%29_upright.jpg
https://www.long-mcquade.com/files/99475/708ecdf7561dcc688ab8ba88d40ad00d.
https://smhttp-ssl-69079.nexcesscdn.net/media/catalog/product/cache/1/medium_image/640x640/5e06319eda06f020e43594a9c230972d/9/2/9231007054DIS-0/9231007054DIS.jpg
https://shop.guitarpoint.de/media/images/org/Fender65Tele3tSB_L99595_2.jpg
https://c1.zzounds.com/media/productmedia/fit,2018by3200/quality,85/1_Full_Straight_Front_NA-7ab591f339d965a5c632e2dae43bd115.jpg
https://www.spacemanmusic.com/wp-content/uploads/2019/06/2019_06_06_11_13_17_OneShot.jpg
https://legacymusic.com/wp-content/uploads/2017/11/Fender-American-Professional-Telecaster-Butterscotch-Blonde-body-left.jpg
https://media.sweetwater.com/api/i/q-82__ha-e2531a768c7da960__hmac-c5535b8fea78d000b340a66dd953508f945ccba8/images/items/750/TeleV70DVB-large.jpg
http://villagemusicalc.com/wp-content/uploads/2017/05/73-tele-1-6.jpg
https://assets.catawiki.nl/assets/2017/3/28/e/3/8/e38e350a-13f7-11e7-8161-fb2557c20677.jpg
https://www.guitarnoise.com/images/features/Fender-Select-Carved-Maple-Top-Telecaster-Amber-1024x682-1024x585.jpg
https://cdn.shopify.com/s/files/1/0202/0250/products/American-Vintage-52-Telecaster-Roasted-0170232821-front-close.jpg?v=1507314288
https://cdn3.volusion.com/zxwvq.wjtxv/v/vspfiles/photos/318369-2.jpg
https://www.musicgrimm.de/wp-content/uploads/2016/11/38120-fender-tele-mexico-standard-maple-lake-placid-blue.jpg
https://www.picclickimg.com/d/l400/pict/392331109876_/FENDER-TELECASTER-2013-Mexico-Orange-Metalic-Matt.jpg
https://mthumbs.static-thomann.de/thumb/padthumb600x360/pics/bdb/269242/4596847_800.jpg
https://images.reverb.com/image/upload/s--gnT0GqFP--/a_exif,c_limit,e_unsharp_mask:80,f_auto,fl_progressive,g_south,h_1600,q_80,w_1600/v1514307992/w961gbsdmhhvloggbzrs.jpg
https://i0.wp.com/reverb.ch/wp-content/uploads/2019/02/Fender-Tele-Decal-1966.gif?fit=1152%2C786&ssl=1
https://cdn11.bigcommerce.com/s-3sa9anat/images/stencil/2048x2048/products/2494/15870/DSC08342__35528.1562439798.JPG?c=2
https://assets.bigcartel.com/product_images/203301896/STRUMMER+SQUARE-01.jpg?auto=format&fit=max&w=2000
https://guitarsetc.com/wp-content/uploads/2019/03/0755303_mx18158664_2.jpg
https://cdn11.bigcommerce.com/s-ch2p96whuu/images/stencil/1280x1280/products/575/3995/IMG_364__61616.1555478511.JPG?c=2
https://cache.willhaben.at/mmo/9/325/613/739_-2030898280.jpg
https://i.ebayimg.com/00/s/MTAyNFg3Njg=/z/JkwAAOSwL8ZdJvJr/$_72.JPG
https://www.conceptmusic.com.au/image/cache/catalog/product-2564/18652-FENDER-CUSTOM-SHOP-50S-JOURNEYMAN-RELIC-TELECASTER-SUPER-FADED-AGED-AZTEC-GOLD-2-1050x1200.jpg
https://cdn.shopify.com/s/files/1/0789/8829/products/20121001_160_300x300.jpg?v=1426170828
https://cdn.shopify.com/s/files/1/1923/5439/products/f6166f8c75dc4b702d79f0909bf98bb761ebb6853232ef7151f638298c9fcbcc.jpg?v=1564887631
https://d1aeri3ty3izns.cloudfront.net/media/17/172253/600/preview.jpg
https://artisanguitars.com/sites/default/files/guitar_product_images/Fender%20Custom%20Shop%2058%20Tele%20%281%20of%208%29.JPG
https://guitarplace.de/media/image/80/8b/84/DSC_00135b50a75614f2b_800x600.jpg
https://www.tomleemusic.ca/wp/wp-content/uploads/2019/02/tele-history-1024x1024.jpg
https://cdn1.bigcommerce.com/n-ou1isn/ejpbfe/products/2481/images/8698/Fender-Select-Tele-Ash-VIB-Gld-2__25358.1392065341.1280.1280.jpg?c=2
https://www.maneimport.com/wp-content/uploads/2016/08/kotzen2.jpg
https://www.bonedo.de/typo3temp/GB/csm_Bigsby_Birdseye_Maple_Gitarre_e98ea0ac09_79584295aa.png
https://guitarshopfolkestone.co.uk/wp-content/uploads/2018/09/Fender-Telecaster-in-Lake-Placid-Blue-2014-2-e1536695487810.jpg
https://cdn.mos.cms.futurecdn.net/iiTUWbxsDuk5pKC2HBb8xB-480-80.jpg
https://assets.catawiki.nl/assets/2019/2/7/6/0/4/604143c0-3de3-44b4-b298-3dbd82d411ae.jpg
https://static.keymusic.com/products/263443/XL/fender-american-original-50s-telecaster-mn-butterscotch-blonde-3.jpg
https://www.picclickimg.com/d/l400/pict/392331109876_/FENDER-TELECASTER-2013-Mexico-Orange-Metalic-Matt.jpg
https://www.belfieldmusic.com.au/media/catalog/product/cache/1/image/2000x/9df78eab33525d08d6e5fb8d27136e95/f/e/fender-player-tele-mn-blk-electric-guitar3.jpg
https://cdn2.bigcommerce.com/n-pktq5q/th2h0u/products/2059/images/10485/IMG_6213__93657.1556055043.1280.1280.JPG?c=2
https://actionguitar.com/wp-content/uploads/2018/06/1979-Fender-Tele-Antigua_2.jpg
http://www.station-musicshop.de/WebRoot/Store8/Shops/64398533/5C3C/8764/4CF4/01A6/CD97/0A0C/6D02/4C44/fender_tele-56jrn-6621-wf2cs.jpg
https://images.reverb.com/image/upload/s--Y32oAK9D--/f_auto,t_supersize/v1562837796/zk164brix33jgyao3ass.jpg
https://cdn.shopify.com/s/files/1/0730/3803/products/d779beca-c5c6-529e-9e03-c0d655271bcd_1024x1024.jpg?v=1555692038
https://images.musicstore.de/images/0960/fender-american-vintage-1964-telecaster-rw-awbl-aged-white-blonde_1_GIT0025432-000.jpg
https://legacymusic.com/wp-content/uploads/2017/05/Fender-American-Elite-Telecaster-Thinline-Mystic-Ice-Blue-body-in-case-600x800.jpg
https://guitarshop.es/wp-content/uploads/Fender-Telecaster-Zebra-T093925-2-600x600.jpg
https://cdn11.bigcommerce.com/s-py7p1m9g1d/images/stencil/1280x1280/products/2670/9541/IMG_5595__15580.1530202625.jpg?c=2&imbypass=on
https://cdn.shopify.com/s/files/1/1923/5439/products/f6166f8c75dc4b702d79f0909bf98bb761ebb6853232ef7151f638298c9fcbcc.jpg?v=1564887631
https://www.rimmersmusic.co.uk/images/fender-player-telecaster-maple-fingerboard-black-p41890-82737_image.jpg
https://guitarplace.de/media/image/80/8b/84/DSC_00135b50a75614f2b_800x600.jpg
https://cdn10.bigcommerce.com/s-5gpf9/products/50789/images/165427/%2524_57__43080.1473258286.1024.768.JPG?c=2
https://www.bonedo.de/fileadmin/_processed_/5/0/csm_Fender_Deluxe_Nashville_Telecaster_006FIN_dcf912efab.jpg
https://www.worldofmusic.com.au/wp-content/uploads/2019/01/Fender-American-Performer-Tele-HB-White-Body.jpg
https://cdn.shopify.com/s/files/1/0744/8475/products/P1020236.jpg?v=1543601025
https://media.musicarts.com/is/image/MMGS7/J04425000001000-00-600x600.jpg
https://www.kloppmann-electrics.com/media/image/db/84/cb/60-TELE-Dakota_0007_600x600.jpg
https://www.gearnews.de/wp-content/uploads/2018/02/fender-telecaster-bass-parallel-universe-series-front.jpg
https://roxymusic.com/wp-content/uploads/2018/01/products-fender-am-spcl-tele-rw-sgm-1.jpg
https://www.premierguitar.com/ext/resources/images/content/2018_10/BLOG/Nov18_PG_CLM_Vintage-Vault-1962-Fender-Fiesta-Red-Tele-A_WEB.jpg
https://i.ytimg.com/vi/qPZ0pEzqPbw/maxresdefault.jpg
https://andertons-productimages.imgix.net/294051-L25718000001000_IMAGE_02.png
https://i2.wp.com/guitar-shop.de/wp-content/uploads/2017/10/IMG_8727.jpg?fit=1280%2C853&ssl=1
https://www.amazona.de/wp-content/uploads/2023/01/fender-american-performer-telecaster.jpg
https://cdn11.bigcommerce.com/s-dks6ju/images/stencil/1280x1280/products/16185/163664/6443192e-b287-5793-bc31-96dd64f33ea4__39809.1550777536.jpg?c=2&imbypass=on
https://cdn.shopify.com/s/files/1/1409/0704/products/1_FT-001_1600_2000_1024x1024.jpg?v=1478459431
https://www.guitarplayer.com/.image/t_share/MTUxNDE4MjE1NDQ4Mzg4ODM4/image-placeholder-title.jpg
https://cdn11.bigcommerce.com/s-3sa9anat/images/stencil/2048x2048/products/1645/9044/Fender_American_Professional_Series_Telecaster_Maple_Fingerboard_Black_1__07247.1486243693.JPG?c=2
https://www.headbangerstore.com/wp-content/uploads/2018/11/Fender_Telecaster_Elite_headbanger_rare_guitars_02.jpg
http://www.themusiccomplexri.com/wp-content/uploads/2019/02/184115_184115-Generic-2-HiRes.jpg
https://cdn.shopify.com/s/files/1/0202/0250/products/American-Vintage-52-Telecaster-Roasted-0170232821-front-close.jpg?v=1507314288
https://shop.r10s.jp/westmusic/cabinet/05842895/imgrc0069540005.jpg
https://www.musiker-board.de/attachments/fender-telecaster-deluxe-01_k-jpg.630142/
https://direstraitsblog.com/wp-content/uploads/2018/10/fendertelecaster1977.jpg
https://i.ebayimg.com/00/s/MTAyNFg3Njg=/z/JkwAAOSwL8ZdJvJr/$_72.JPG
https://upload.wikimedia.org/wikipedia/commons/thumb/0/0c/2012_Fender_Telecaster_Cabronita_%28Mexico%29_upright.jpg/220px-2012_Fender_Telecaster_Cabronita_%28Mexico%29_upright.jpg
https://images.reverb.com/image/upload/s---1s1jDKN--/a_exif,c_limit,e_unsharp_mask:80,f_auto,fl_progressive,g_south,h_1600,q_80,w_1600/v1520626403/mi6w6v6je1vq73p93t8z.jpg
http://www.bigfoot-guitars.de/wp-content/uploads/2018/09/01-35.jpg
https://i.pinimg.com/originals/95/01/a9/9501a95e60ffd48a25d174faba18377e.jpg
https://cdn.webshopapp.com/shops/276679/files/289860528/fender-fender-telecaster-deluxe-1976-orig-case.jpg
https://cdn.gearpatrol.com/wp-content/uploads/2019/06/Fender-Custom-Shop-Joe-Bonamassa-Tele-Gear-Patrol-lead-full.jpg
https://www.emeraldcityguitars.com/wp-content/uploads/2019/08/1973FenderTelecasterBlack-6.jpg
https://www.conceptmusic.com.au/image/cache/catalog/product-3207/7xIo9nycmB-19521-FENDER-CUSTOM-SHOP-LTD-VINTAGE-59-TELE-CUSTOM-JOURNEYMAN-SILVER-SPARKLE-3-1050x1200.jpg
https://cdn.webshopapp.com/shops/179375/files/244765259/683x1024x2/fender-fender-telecaster-deluxe-moccha-brown-1977.jpg
http://www.long-mcquade.com/files/78338/lg_c11369c5d810834fb7bab415b29c88aa.
https://gbmedia.azureedge.net/aza/user/gear/1985-fender-telecaster-custom-le-sunburst.jpg
https://c1.zzounds.com/media/productmedia/fit,2018by3200/quality,85/1_Full_Straight_Front_33286-f09ef5e88fbe19a50cc942c024ce5648.jpg
https://www.thomann.de/pics/bdb/453881/13697741_800.jpg
https://www.vintage-guitar.de/img/vintage/3585/Fender-Telecaster-1967-sunburst-001.JPG
https://banner2.kisspng.com/20180511/xrw/kisspng-fender-stratocaster-fender-telecaster-fender-starc-5af5d6fead62a6.6192911915260607987102.jpg
https://cdn11.bigcommerce.com/s-qmkmkpbc/images/stencil/1280x1280/products/6141/33649/Fender-American-Origanl-50s-LH-Telecaster_V1745335_Angle-Left__62007.1519670183.jpg?c=2&imbypass=on
https://i.ytimg.com/vi/X-R1h7CeIhU/maxresdefault.jpg
https://www.samash.com/spotlight/files/2019/05/spot-featured-0519-wide-Telecaster1-1068x456.jpg
https://www.louder.com/storage/img/uploads/offers/4294-fender-telecaster-3e5815c8_S.jpg
https://media.sweetwater.com/api/i/q-82__ha-8d101203f1f13b14__hmac-b9a0237408ee5895e2075b7d6ed99811c5c14105/images/items/750/TeleAPDRSOG-large.jpg
https://guitar.com/wp-content/uploads/2019/06/Rory-Gallagher-1966-telecaster-hero@1400x1050.jpg
https://www.musiker-board.de/attachments/telecaster-white-jpg.403630/
https://guitarguysohio.com/wp-content/uploads/2019/01/DSC02853.jpg
https://www.gitarrebass.de/wp-content/uploads/2018/12/Fender-American-Performer-Strat-Tele-1.jpg
https://sweetspot-guitars.de/wp-content/uploads/2018/01/1977-Fender-Telecaster-Natural-29-1.jpg
https://www.session.de/out/pictures/master/product/1/Fender_American_Pro_Telecaster_MN_BSB.jpg
https://guitaristlab.com/wp-content/uploads/2019/01/Screen-Shot-2019-01-27-at-12.43.35-AM.jpg
https://cdn.mos.cms.futurecdn.net/d6525d2c3aadfa4dd2b373d360cb9a63-480-80.jpg
https://cache.willhaben.at/mmo/9/325/613/739_-2030898280.jpg
https://images.reverb.com/image/upload/s--62iSRptH--/a_exif,c_limit,e_unsharp_mask:80,f_auto,fl_progressive,g_south,h_1600,q_80,w_1600/v1530386410/kykfjllt8quwkfefk2g2.jpg
https://d2xknkrvwcywq7.cloudfront.net/Fender/2016_fender_telecaster_thinline_50_s_limited_rosewood-17735-std.jpg
https://assets.catawiki.nl/assets/2017/8/16/a/9/c/a9c6d5f7-447d-4b3d-9f4f-a1da9fc99e1d.jpg
https://cdn.shopify.com/s/files/1/1239/9532/products/GS2768-2_1024x1024.jpg?v=1544908535
https://www.louder.com/storage/img/uploads/offers/3862-fender-telecaster-custom-ad72038b_S.jpeg
https://www.picclickimg.com/d/l400/pict/163782491315_/Fender-Telecaster-American-Vintage-Reissue-58-Aged.jpg
http://www.station-musicshop.de/WebRoot/Store8/Shops/64398533/5B8E/83DB/A17D/526B/C623/0A0C/6D07/A748/fender_tele-amo60-6149-frd.jpg
https://media.guitarcenter.com/is/image/MMGS7/Road-Worn-50s-Telecaster-Limited-Edition-Electric-Guitar-Purple-Metallic/L25718000001000-00-290x290.jpg
https://cdn11.bigcommerce.com/s-py7p1m9g1d/images/stencil/1280x1280/products/2404/8239/IMG_2985__22607.1523112947.jpg?c=2&imbypass=on
https://cdn.shopify.com/s/files/1/1304/0581/products/IMG_9233_4977dfc9-5c21-4007-89ed-cc8cbb964018.jpg?v=1499288925
https://www.pourlesmusiciens.com/medias/271/fender-tele-player-lh-gaucher-mex-ss-mn-large-146383.png
https://images-na.ssl-images-amazon.com/images/I/51%2B6TQB2zJL._SX384_BO1,204,203,200_.jpg
https://guitarplace.de/media/image/1e/fa/7f/DSC_00045c893543eabe6_800x600.jpg
https://www.vintage-guitar.de/img/vintage/2653/Fender-Telecaster-1976-T-Tune-blonde-001.JPG
https://cdn1.bigcommerce.com/n-ou1isn/ejpbfe/products/2988/images/17765/IMG_6755__78159.1431021810.1280.1280.jpg?c=2
https://ams3.digitaloceanspaces.com/soundgas/2018/11/Fender-Telecaster-Classic-Electric-Guitar-Cover-1-2000x1500.jpg
https://imperialvintageguitars.com/wp-content/uploads/imported/3/1966-Fender-Telecaster-Blonde-Finish-Original-Vintage-Electric-Guitar-wOHSC-264322811743.JPG
https://shop.guitarpoint.de/media/images/org/Fender68TelePaisley248322_1.jpg
https://static.keymusic.com/products/276463/XL/fender-american-performer-telecaster-humbucker-aubergine-3.jpg
https://usercontent2.hubstatic.com/6255267_f520.jpg
https://cdn11.bigcommerce.com/s-8wy6p2/images/stencil/2000x2000/products/5871/37632/0114212750_US17119985_8_of_8__66670.1523650982.jpg?c=2
https://www.musicskanner.com/wp-content/uploads/2016/09/spalted-maple-telecaster.jpg
https://pic0.qimage.de/03/79/37/r221377903.jpg
http://www.fmicassets.com/Damroot/Zoom/10002/0100402803_gtr_dtl_002_nr.png
https://www.12fret.com/wp-content/gallery/fender-telecaster-custom-62-mij-burst-1984-cons/fender-telecaster-custom-62-mij-burst-1984-cons-full-rear.jpg
https://d2xknkrvwcywq7.cloudfront.net/Fender/2017_fender_telecaster_53_heavy_relic_sunburst-19305-std.jpg
https://www.session.de/out/pictures/master/product/6/Fender_American_Pro_Telecaster_MN_BSB_5.jpg
https://www.amazona.de/wp-content/uploads/2030/01/bb_i-54.png
https://www.vintageandmodernguitars.co.uk/wp-content/uploads/2016/11/t1_Fotor_Fotor_cut.png
https://noisy-musicworld.com/store/files/E-Gitarre-Fender-Tele.jpg
https://cdn.shopify.com/s/files/1/0824/8827/products/IMG_6258.JPG?v=1539928226
https://sweetspot-guitars.de/wp-content/uploads/2019/02/1951-Fender-Telecaster-Blond-10.jpg
https://www.muckerbox.de/wp-content/uploads/2019/07/IMG46631563722522-856x620.jpg
https://geraldmusique.ca/wp-content/uploads/2018/09/360.jpg
https://cdn2.bigcommerce.com/n-pktq5q/th2h0u/products/2015/images/10108/IMG_5524__56504.1541466662.1280.1280.JPG?c=2
https://img.ricardostatic.ch/t_1000x750/pl/1082623770/0/1/fender-telecaster-thinline.jpg
https://c8.alamy.com/compde/d4nfg1/fender-telecaster-solide-e-gitarre-d4nfg1.jpg
https://image.shutterstock.com/image-photo/zagreb-croatia-jun-10-2010-260nw-170904695.jpg
https://kennebecinstrument.com/wp-content/uploads/2019/02/IMG_6427-1024x768.jpeg?x78737
https://i.ebayimg.com/00/s/NDUwWDYwMA==/z/E4wAAOSwkwxdhyS4/$_99.JPG
https://www.gearnews.de/wp-content/uploads/2019/09/fender-britt-daniel-tele-thinline-with-six-saddle-bridge.jpg
https://www.12fret.com/wp-content/gallery/fender-tele-thinline-1978-nat-cons-1/fender-tele-thinline-1978-nat-cons-full-rear.jpg
https://c.tutti.ch/images/fender-telecaster-american-3667595740.jpg
https://www.premierguitar.com/ext/resources/archives/6fe7d989-0af8-4b88-aa71-ef11c8e4b5a8.JPG?1502216487
https://storage.googleapis.com/leitmotiv-multi/regio-image-2017-05/754283/full/img_1086.jpg
https://peachguitars.2dimg.com/4/_48a8649_37d68468d5.jpg
https://www.musiker-in-deiner-stadt.at/photo_gebraucht/fender-telecaster_bid737869_32277.jpg
https://dmldbxcvbvfk2.cloudfront.net/images/1965fendercustomtelecasterfiremistgold06.jpg
https://static.wixstatic.com/media/adc1dd_a50ab00b2152450dbd4e2f7e78c1bcde~mv2.jpg/v1/fill/w_190,h_210,al_c,q_80,usm_0.66_1.00_0.01/adc1dd_a50ab00b2152450dbd4e2f7e78c1bcde~mv2.webp
https://i.ebayimg.com/00/s/NzE0WDU3Ng==/z/UasAAOSw3XZctzGt/$_72.JPG
https://eddiesguitars.com/media/catalog/product/cache/1/thumbnail/1200x/17f82f742ffe127f42dca9de82fb58b1/1/_/1_fender_-_custom_shop_ltd_1967_closet_classic_smuggler_s_telecaster_-_dirty_white_blonde_cz528687_.jpg
https://www.thomann.de/pics/bdb/245666/13658106_800.jpg
https://www.bonedo.de/typo3temp/GB/csm_Fender_American_Original_50s_Telecaster_MN_007FIN_d283cac5f7_7da91685ab.png
https://skinnerinc-res.cloudinary.com/images/w_640,h_640,d_l_wxesge.jpg,c_fit,/v1478904310/1144716/waylon-jennings-fender-telecaster-electric-guitar-1953.jpg
https://pic0.qimage.de/54/45/45/218454554.jpg
https://www.vintageandrare.com/uploads/offers/1890/16720/fender-Telecaster-with-Bigsby-1969-Olympic-white-original.jpg?1568515029
http://www.vintageguitar.com/wp-content/uploads/FENDER_STRAT51.jpg
https://stuff.fendergarage.com/images/V/N/E/fcwd-taxonomy-electric-guitar-telecaster-deluxe@2x.png
https://cdn.shopify.com/s/files/1/0916/0836/products/46500_Fender_1968_Telecaster_Blue_Sparkle_Refinish_1_fc8b2366-00f4-44bc-b5e0-3e3b2bbc4a16_4000x@3x.progressive.jpg?v=1567534481
https://img.ricardostatic.ch/t_1000x750/pl/1079000216/0/1/fender-telecaster-baja.jpg
http://resident-guitars.com/out/pictures/master/product/1/fender_custom_shop_tele_52_heavy_relic_front.jpg
https://img.apmcdn.org/a6bdc5d20ca12c2ee05415a9612469e57cb98167/uncropped/032315-20140827-tim-showalter-strand-of-oaks-fender-telecaster-1.jpg
https://img.yumpu.com/21704851/1/500x640/fender-telecaster-custom-shop-music-store-professional.jpg
https://c8.alamy.com/compde/pff0h0/fender-telecaster-thinline-eine-semi-akustische-gitarre-pff0h0.jpg
https://webimg.secondhandapp.com/w-i-mgl/5b2d4b8a613ff17e159c04be
https://i.pinimg.com/originals/c9/68/5d/c9685d083642332d92f037803b99fc0d.jpg
https://trastes.es/994-thickbox_default/fender-telecaster-player-sb.jpg
https://miro.medium.com/max/1100/0*KmCtyVm3lGXWy5Rf.
https://www.bj-music.ch/cms/images/Fender-Telecaster-Thinline-1975.jpg
https://cdn.shopify.com/s/files/1/0019/2479/2375/products/Fender_usa_tele_2004_sb_mn_4_1024x1024.JPG?v=1543074281
https://img.fotocommunity.com/fender-telecaster-b0c706a7-f70e-4107-9773-fab698fec3ff.jpg?height=1080
https://i.ebayimg.com/00/s/MTAyNFg3Njg=/z/0R8AAOSw8fldRBXh/$_86.JPG
https://usercontent2.hubstatic.com/14521521_f520.jpg
https://themusicemporium.com/isotope/e/es19134-web-2.jpg
https://media.sweetwater.com/api/i/q-82__ha-f81077d55a189d2e__hmac-dcd49f211375e3d9b18b6315abe44aca82d4a766/images/items/750/TeleLECCHLE-large.jpg
https://www.gitarrebass.de/wp-content/uploads/2015/10/fender_roadworn_72_telecaster.jpg
https://www.rainbowguitars.com/imagesproduct/fe/fe9231008752-xl-02.jpg
https://www.picclickimg.com/d/l400/pict/264222786479_/Fender-Telecaster-Modern-Player-Thinline-Deluxe.jpg
https://cdn.dribbble.com/users/365895/screenshots/1962721/20150306-150011-800x600px-fendertelecaster.png
https://media.fanaticguitars.com/2016/08/fender-telecaster-james-burton-mexico.jpg
http://www.guitardoc-vintage.de/assets/instrumente/_resampled/GDChainresizeByHeight_600-Tele04.jpg
https://cdn.shopify.com/s/files/1/0659/1811/products/IMG_2475_1024x1024.JPG?v=1559010061
https://i.ytimg.com/vi/DesSfn5PoxM/maxresdefault.jpg
https://guitarshopfolkestone.co.uk/wp-content/uploads/2018/02/Fender-Telecaster-Standard-USA-1975-5.jpg
http://www.keithsguitars.net/wp-content/gallery/ft1/Fender-Telecaster-1.jpg
https://cashmusical.com/WebRoot/Store8/Shops/5c7edb4e-2a36-411b-ab69-c33b669e75d6/5804/C9AC/1F47/9E5B/DA9F/0A48/352C/765D/G0017_-_Fender_Telecaster_cuerpo_m.jpg
https://www.vintage-guitar.de/img/vintage/3246/Fender-Telecaster-Bigsby-Master-Design-2005-001.JPG
https://guitar.com/wp-content/uploads/2019/01/money-shot-fender-custom-tele-prototype-headstock@1400x1050.jpg
https://www.guitarsuperstore.com/ekmps/shops/04fdcb/images/fender-52-hot-rod-telecaster-reissue-pre-owned-4684-p.jpg
http://www.justguitars.com.au/vintage-guitars-for-sale-classic-collectable/000522/8930-01-fender-telecaster-custom-1962-62-avri-american-vintage-reisue.jpg
https://shop.guitarpoint.de/media/images/org/Fender68TeleBld_246382_17.jpg
https://cache.willhaben.at/mmo/6/326/031/456_-720179460.jpg
https://cdn.shopify.com/s/files/1/1140/2426/products/Fender-Player-Series-Telecaster-Maple-Fingerboard-Polar-White-10588-v7_1600x1600.jpg?v=1532528443
https://shop.r10s.jp/kurosawastore/cabinet/ikecopy11/06163455/imgrc0068663777.jpg
https://media.npr.org/assets/img/2011/02/28/fendertelecaster-54cac8b649fb9a56b3547d17d0fac2b48b0cdd21-s800-c85.jpg
https://www.guitar-list.com/system/files/styles/model_display/private/gearpics/fender-telecaster-XII-rosewood.jpg?itok=4H5b6FNO
https://eddiesguitars.com/media/catalog/product/cache/1/thumbnail/1200x/17f82f742ffe127f42dca9de82fb58b1/f/e/fender_ltd_72_telecaster_custom_purple_sparkle_510_1_.jpg
https://static.musiciansfriend.com/thehub/binaries/content/gallery/mf/buying-guides/fender-classic-50s-telecaster-black.jpg
http://static1.squarespace.com/static/55db79dfe4b01e5be14e4925/55db7c69e4b068214f73ebc5/5b086a540e2e7258ec7c6895/1556144246578/C-Fender-1958-Telecaster-28817-hs.jpg
https://www.bax-shop.de/media/wysiwyg/DE/News/2017/APRIL/fender-special-edition-road-worn-hot-rod-telecaster/Fender_Special_Edition_Road_Worn_Telecaster_News.jpg
https://sweetspot-guitars.de/Chevereto/images/2019/02/27/1951-Fender-Telecaster---Blond-05.jpg
https://www.musikhaus-hermann.de/media/image/04/25/a9/a6-6118-Fender-American-Original-50-Telecaster-BTB.jpg
https://cdn.shopify.com/s/files/1/1239/9532/products/GS2749-1_medium.jpg?v=1544739487
https://banner2.kisspng.com/20180602/fbs/kisspng-fender-telecaster-fender-stratocaster-fender-ameri-5b125a99236c95.7719002015279294971451.jpg
https://sweetspot-guitars.de/wp-content/uploads/2016/07/IMG_5822.jpg
https://images.reverb.com/image/upload/s--4chEda44--/a_exif,c_limit,e_unsharp_mask:80,f_auto,fl_progressive,g_south,h_1600,q_80,w_1600/v1511564323/bb1hkzh9upwm9qik9ldk.jpg
https://www.louder.com/storage/img/uploads/offers/6205-fender-telecaster-8bb18c07_S.jpg
https://i.ytimg.com/vi/7TvABkD0k0g/maxresdefault.jpg
https://upload.wikimedia.org/wikipedia/commons/a/ae/Fender_Telecaster_Head.jpg
https://cdn.shopify.com/s/files/1/0202/0250/products/Fender_MuddyWatersTele_tuners.jpg?v=1421356045
https://www.vintageandrare.com/uploads/offers/1803/11856/big.jpg
https://www.premierguitar.com/ext/resources/images/content/2018_10/BLOG/Nov18_PG_CLM_VintageVault-1962-Fender-Fiesta-Red-Tele-C_WEB.jpg
https://wgsusa.com/sites/default/files/1-before.jpg
https://d2xknkrvwcywq7.cloudfront.net/Fender/1967_fender_telecaster_custom_sunburst-16774-std.jpg
https://cdn.hiconsumption.com/wp-content/uploads/2018/04/Bob-Dylans-1965-Fender-Telecaster-00-1087x725.jpg
https://www.12fret.com/wp-content/uploads/ngg_featured/fender-tele-blonde-1966-cons-full-front.jpg
http://www-tc.pbs.org/prod-media/antiques-roadshow/__sized__/Images/SantaClara_20140607_06/201402A11/anro-001915-wa201402A11-1920x1080_web-crop-c0-47__0-67-676x380.jpg
https://guitarplace.de/media/image/49/64/88/DSC_00415c49cfd978fc0_800x600.jpg
https://www.projectmusic.net/ekmps/shops/projectmusic/images/fender-custom-shop-52-relic-telecaster-daphne-blue-roasted-neck-[2]-23487-p.jpg
https://www.andybabiuksfabgear.com/wp-content/uploads/2018/12/Fender_Telecaster_tele_Player_Series_sonicred_sonic_red_solidbody_electric_guitar_10.jpg
http://www.bigfoot-guitars.de/wp-content/uploads/2018/11/01-50.jpg
https://assets.catawiki.nl/assets/2018/1/26/1/4/f/14f541d5-efb3-411e-aff9-2405dc952e41.jpg
https://images-na.ssl-images-amazon.com/images/I/51VwApPb3jL._SX425_.jpg
https://i.ebayimg.com/00/s/NzY4WDEwMjQ=/z/ZBkAAOSwfA5csIus/$_72.JPG
https://c.tutti.ch/images/vendo-fender-telecaster-4896988528.jpg
https://www.thomann.de/thumb/opengraph/pics/prod/439362.jpg
http://resident-guitars.com/out/pictures/master/product/1/fender_custom_shop_american_dlx_telecaster_violinburst_front_1.jpg
https://legacymusic.com/wp-content/uploads/2017/11/Edition-American-Pro-Telecaster-Deluxe-body-left.jpg
https://storage.googleapis.com/leitmotiv-multi/regio-image-2019-03/945570/xtralarge/b6181705b9d7494996c798367c879d50.jpeg
https://www.cutawayguitarmagazine.com/wp-content/uploads/2014/08/fender-blacktop-telecaster-hh-candy-apple-red-maple-608326-590x369.jpg
https://www.frettedamericana.com/sites/default/files/02108_case%20copy.jpg
https://www.guitar-list.com/sites/default/files/styles/model_display/public/gearpics/fender-black-and-gold-tele.jpg?itok=J2bcx_Zb
https://cdn.mos.cms.futurecdn.net/e85fd508802ae3ee4992f97e4d5756fa-480-80.jpg
http://www.voltageguitar.com/wp-content/uploads/2015/11/53-Fender-Telecaster-back.jpg
http://www.fmicassets.com/Damroot/Zoom/10002/0100402803_gtr_dtl_001_nr.png
https://www.gearnews.com/wp-content/uploads/2019/05/fender_rarities-red-mahogany-top-telecaster_1-1024x565.jpg
https://i.pinimg.com/originals/8f/4d/6e/8f4d6e192d739c656b5f2bb60c36ca14.jpg
https://image.shutterstock.com/image-vector/february-10-2018-set-black-260nw-1025935540.jpg
https://www.bonedo.de/fileadmin/_processed_/0/5/csm_Fender_Am_Special_Tele_Thomann_004FIN_b0fa30cfb0.jpg
https://c8.alamy.com/compde/dx0anw/e-gitarre-fender-telecaster-old-growth-dx0anw.jpg
https://www.garysguitars.com/sites/default/files/styles/uc_product_full/public/FEE0264_1959_Fender_Telecaster.jpg?itok=RagiovE0
https://www.samash.com/spotlight/files/2016/09/wsi-imageoptim-stratele.jpg
https://www.musiker-board.de/attachments/img_20190115_203501_edit-jpg.668426/
https://www.picclickimg.com/d/l400/pict/293143539232_/Fender-Telecaster-52-Custom-Shop.jpg
https://i.ytimg.com/vi/53rmfy8UbeI/maxresdefault.jpg
https://images.reverb.com/image/upload/s--jJxHJICt--/a_exif,c_limit,e_unsharp_mask:80,f_auto,fl_progressive,g_south,h_620,q_90,w_620/v1493767205/ysektpw85kt5dkfolgyo.jpg
https://c1.zzounds.com/media/productmedia/fit,2018by3200/quality,85/8_Full_Left_Front_NA-acb07e002751099255397611263e2714.jpg
https://shop.guitarpoint.de/media/images/org/Fender72TeleCst3tSB379870_2_1.jpg
https://static.slickdealscdn.com/attachment/2/6/9/4/6/6/7272639.attach
https://static.bax-shop.es/image/product/281529/797878/8e765588/450x450/1476697672Fender%20Deluxe%20Tele%20Thinline%20Candy%20Apple%20Red%20front.JPG
https://i.ebayimg.com/thumbs/images/g/tjUAAOSw6VVdBTy5/s-l225.jpg
https://guitar.com/wp-content/uploads/2019/02/Matts-Guitar-Shop-jeff-buckley-tele-hero@1400x1050jpg.jpg
https://www.vintage-guitar.de/img/vintage/2575/Fender-Telecaster-Special-Black-binding-001.JPG
https://banner2.kisspng.com/20180724/gbw/kisspng-fender-telecaster-fender-musical-instruments-corpo-5b57b53e392456.8959254815324746862341.jpg
https://www.gitarrebass.de/wp-content/uploads/2015/11/fender_60th_anniversary.jpg
https://www.amazona.de/wp-content/uploads/2030/01/back-17.jpg
https://sweetspot-guitars.de/wp-content/uploads/2019/02/1951-Fender-Telecaster-Blond-06.jpg
https://www.premierguitar.com/ext/resources/images/content/2018_10/BLOG/Nov18_PG_CLM_Vintage-Vault-1962-Fender-Fiesta-Red-Tele-A_FEAT.jpg?1538581007
https://cdn.shopify.com/s/files/1/0202/0250/products/TeleDLXRedSparkle_body_9a6570a6-0150-4701-96c0-285fdaed7372.jpg?v=1393269998
https://www.12fret.com/wp-content/gallery/fender-tele-bass-blonde-1970-cons/fender-tele-bass-blonde-1970-cons-full-rear.jpg
https://media.guitarcenter.com/is/image/MMGS7/Modern-Player-Telecaster-Plus-Electric-Guitar-Honey-Burst-Maple-Fretboard/H76265000002001-00-290x290.jpg
https://i.ebayimg.com/00/s/NjgxWDEwMjQ=/z/6G4AAOSw399cm3RB/$_72.JPG
https://artisanguitars.com/sites/default/files/guitar_product_images/1969-Fender-Telecaster-Blond-Finish-22-of-23.jpg
https://c.tutti.ch/images/fender-telecaster-deluxe-72-5101607766.jpg
https://images.reverb.com/image/upload/s--fSjKzhPL--/a_exif,c_limit,e_unsharp_mask:80,f_auto,fl_progressive,g_south,h_1600,q_80,w_1600/v1529446148/z7pmwrkqdwtec5uootug.jpg
https://gbmedia.azureedge.net/aza/user/gear/fender-telecaster-custom-1961-sunburst-Ux7W8fg.jpg?maxheight=500&maxwidth=500
http://d2xknkrvwcywq7.cloudfront.net/Fender/1967_fender_telecaster_custom_sunburst-16774-min.jpg
http://www.bigfoot-guitars.de/wp-content/uploads/2018/11/01-29.jpg
https://www.gearnews.de/wp-content/uploads/2017/10/fender-fsr-roasted-ash-teaser.jpg
https://www.fmicassets.com/Damroot/ZoomJpg/10001/9100327800_merch_frt_001_nr.jpg
https://images-na.ssl-images-amazon.com/images/I/714KBYMqYcL._SX466_.jpg
https://c8.alamy.com/compde/wj20my/fender-telecaster-deluxe-orange-und-schwarz-gitarre-wj20my.jpg
https://www.picclickimg.com/00/s/MTIwMFgxNjAw/z/VeQAAOSwfBFbhZne/$/Fender-Telecaster-sunburst-_1.jpg
http://static.musiciansfriend.com/derivates/18/001/618/437/DV016_Jpg_Large_511141.064_sunburst.jpg
https://upload.wikimedia.org/wikipedia/commons/e/ec/Telecaster50th.jpg
https://shop.r10s.jp/kurosawastore/cabinet/ikecopy11/06163455/imgrc0068663768.jpg
https://www.bonedo.de/fileadmin/_processed_/e/5/csm_Fender_50er_tele_roadworn12_2447404231.jpg
https://shop.guitarpoint.de/media/images/org/Fender68TeleBldMN252901_1.jpg
https://i.pinimg.com/originals/34/06/5f/34065fb0eae8fc9bd7752e93c50ea887.jpg
https://images.reverb.com/image/upload/s--7lNfN_Cf--/f_auto,t_large/v1567775695/eibgdghzfxlcuacclgtg.jpg
https://i.ebayimg.com/00/s/MTAyNFg3Njg=/z/lP8AAOSw2H1dh1n~/$_86.JPG
https://i.ytimg.com/vi/lCMowp-fc00/maxresdefault.jpg
https://assets.catawiki.nl/assets/2015/1/8/4/6/7/46772bfa-976c-11e4-96b9-269cb8eef501.jpg
https://guitar.com/wp-content/uploads/2017/04/Guitar-Bass-March-35.jpg
https://www.vintage-guitar.de/img/vintage/1800/Fender_Telecaster_Custom-1966-sunburst-001.JPG
http://static.keymusic.com/products/255376/XL/fender-custom-shop-limited-edition-namm-55-telecaster-journeyman-aged-shell-pink.jpg
https://cdn.mos.cms.futurecdn.net/cbcef225a3f214280f36d000f1ee5b01-480-80.jpg
https://www.premierguitar.com/ext/resources/images/content/2013_7/DGS-Vault-1953-Tele-B_FEATURED.jpg?t=1374269020&width=600
https://banner2.kisspng.com/20180508/hyq/kisspng-fender-telecaster-deluxe-fender-stratocaster-guita-sunburst-5af1e180da4ed5.0619775715258013448942.jpg
https://www.12fret.com/wp-content/gallery/fender-tele-blonde-rw-1966-cons/fender-tele-blonde-rw-1966-cons-full-front.jpg
http://www.amazona.de/wp-content/uploads/2012/10/2_Headstock.png
https://c.tutti.ch/images/fender-telecaster-deluxe-72-5178317637.jpg
https://i.ebayimg.com/00/s/MTAyNFg2ODM=/z/2EwAAOSw8GJcsjr5/$_72.JPG
https://d2xknkrvwcywq7.cloudfront.net/Fender/1969_fender_telecaster_olympic_white-19426-std.jpg
https://www.gearnews.de/wp-content/uploads/2019/09/fender-britt-daniel-tele-thinline-.jpg
https://images.reverb.com/image/upload/s--aXzVRxdb--/a_exif,c_limit,e_unsharp_mask:80,f_auto,fl_progressive,g_south,h_1600,q_80,w_1600/v1514476779/aaemviyiygbdtzk48p5u.jpg
https://gbmedia.azureedge.net/aza/user/gear/fender-telecaster-custom-1961-sunburst-WUL99qO.jpg?maxheight=500&maxwidth=500
https://www.station-musicshop.de/WebRoot/Store8/Shops/64398533/537D/CA4D/7DE4/5E26/984B/C0A8/2ABA/E4EB/fender_tele-50c-rel-0315-sot8.jpg
https://www.picclickimg.com/d/l400/pict/202558492021_/FENDER-Telecaster-Deluxe-1973-Original-%E2%80%93-authentic-Relic.jpg
https://images-na.ssl-images-amazon.com/images/I/41W1WtJO1dL.jpg
https://c8.alamy.com/compde/pg9xh4/e-gitarre-fender-telecaster-in-den-handen-der-danischen-musiker-aske-jacoby-pg9xh4.jpg
https://sweetspot-guitars.de/wp-content/uploads/2017/12/1976-Fender-Telecaster-Custom-Natural-5-1.jpg
https://www.vintage-guitar.de/img/vintage/2691/Telecaster-Fender_1978-lefthand-black-001.JPG
https://i.pinimg.com/originals/d5/ba/7a/d5ba7accccfa42093c5bd4358da14ac8.jpg
https://upload.wikimedia.org/wikipedia/commons/4/46/Fender_Telecaster_lefthanded.jpg
https://i.ytimg.com/vi/VqGgV2qN0Q4/maxresdefault.jpg
https://www.bonedo.de/fileadmin/_processed_/b/a/csm_Fender_Telecaster_Standard_HH_002FIN_cc7614d3ba.jpg
https://guitar.com/wp-content/uploads/2015/11/MAIN-Vintage-Bench-Test-9.jpg
https://shop.guitarpoint.de/media/images/org/Fender69TeleBlond226386neu_2.jpg
https://www.gitarrebass.de/wp-content/uploads/2015/03/Und-die-Revolution-nahm-ihren-Lauf-%E2%80%93-hier-die-erste-Anzeige-mit-der-Fender-f%C3%BCr-seine-neue-E-Gitarre-warb..jpg
https://banner2.kisspng.com/20180522/kvz/kisspng-electric-guitar-fender-telecaster-thinline-fender-5b04aaad16a834.4968861415270324930928.jpg
https://c.tutti.ch/images/fender-telecaster-bass-1968-rare-1477421043.jpg
https://www.12fret.com/wp-content/gallery/fender-tele-bass-blonde-1970-cons/fender-tele-bass-blonde-1970-cons-full-front.jpg
https://i.ebayimg.com/00/s/NzY4WDEwMjQ=/z/IxgAAOSwxNBcsHxa/$_72.JPG
https://reverb-res.cloudinary.com/image/upload/s--7WEanNim--/v1526759462/dylantele2_okqgxb.jpg
https://cdn.mos.cms.futurecdn.net/b14618e879f4b4ead895735a63aee4e9-480-80.jpg
https://ssli.ebayimg.com/images/g/9DEAAOSwopRYbSo6/s-l1600.jpg
https://www.gearnews.de/wp-content/uploads/2016/11/fender-american-professional-pro-series-telecaster-colors.jpg
https://gbmedia.azureedge.net/aza/user/gear/fender-telecaster-custom-1961-sunburst-48ls3Hj.jpg?maxheight=500&maxwidth=500
https://media.guitarcenter.com/is/image/MMGS7/Acoustasonic-Telecaster-Acoustic-Electric-Guitar-Dakota-Red/L48020000006000-00-220x220.jpg
https://www.thomann.de/pics/bdb/450775/13791446_800.jpg
http://static.keymusic.com/products/121868/XL/music-sales-fender-telecaster-manual.jpg
https://www.station-musicshop.de/WebRoot/Store8/Shops/64398533/588A/222B/10BD/0B27/C48A/C0A8/29BF/0C7D/fender_tele-malaysian-17-ltd7.jpg
https://www.premierguitar.com/ext/resources/images/content/2018_10/BLOG/Nov18_PG_CLM_VintageVault-1962-Fender-Fiesta-Red-Tele-D_WEB.jpg
https://i.pinimg.com/originals/26/d6/7d/26d67dec4fd4902eb5b6e4852845908f.jpg
https://c8.alamy.com/compde/b9py22/fender-telecaster-gitarre-auf-weissen-holzoberflache-b9py22.jpg
https://upload.wikimedia.org/wikipedia/commons/thumb/8/86/Tele_%2B_Teleplus1_%2B_Teleplus_2.jpg/1200px-Tele_%2B_Teleplus1_%2B_Teleplus_2.jpg
https://i.ytimg.com/vi/K53o-_Vd7Kg/maxresdefault.jpg
https://d2xknkrvwcywq7.cloudfront.net/Fender/1977_fender_telecaster_custom_black-6181-std.jpg
https://www.vintage-guitar.de/img/vintage/2527/Fender_Telecaster_US-Standard-1993-black-001.JPG
https://guitar.com/wp-content/uploads/2018/11/fender-telecaster-deluxe-parallel-universe@1068x800.jpg
https://www.bonedo.de/fileadmin/_processed_/c/8/csm_Fender_Telecaster_Blacktop_HH_RW_005FIN_ee891efaa2.jpg
https://c.tutti.ch/images/fender-telecaster-50th-anniversary-japan-1372750546.jpg
https://banner2.kisspng.com/20180630/aav/kisspng-fender-stratocaster-fender-telecaster-fender-music-tomatillo-5b3729f406dec4.0454198215303418760282.jpg
https://i.ebayimg.com/00/s/MTAyNFg3Njg=/z/uqYAAOSwwCJdGMib/$_72.JPG
https://www.gearnews.de/wp-content/uploads/2017/03/fender-telecaster-custom-shop-bob-bain-back.jpg
https://i.ytimg.com/vi/tPHVLMkR67Q/maxresdefault.jpg
https://static.keymusic.com/products/246028/340/fender-classic-60s-dyna-telecaster-3-tone-sunburst-left-handed.jpg
https://i.pinimg.com/236x/01/d0/31/01d0317a3bf86bcd72f501bc7beae69c--fender-telecaster-fender-guitars.jpg
https://gbmedia.azureedge.net/aza/user/gear/1968-fender-telecaster-thinline-natural-DcXSdb6.jpg?maxheight=500&maxwidth=500
https://c8.alamy.com/compde/kr8t6f/fender-telecaster-liegen-auf-guitar-case-kr8t6f.jpg
https://i.ytimg.com/vi/g5wvY_BnBao/maxresdefault.jpg
https://www.thomann.de/pics/bdb/425531/12626071_800.jpg
https://www.vintage-guitar.de/img/vintage/87/Fender-Telecaster-Bass-1968-pink-paisley-a.jpg
https://c.tutti.ch/images/fender-telecaster-deluxe-72-5161270999.jpg
https://guitar.com/wp-content/uploads/2017/04/Guitar-Bass-March-23.jpg
https://www.bonedo.de/typo3temp/GB/csm_Fender_American_Pro_Telecaster_MN_MYST_021FIN_3262d29938_ed860a2b11.png
https://static.guitarcenter.com/riffs/binaries/content/gallery/guitarcenter/gear-tips/mary-kaye-stratocaster-and-telecaster-1350x1080.jpg
https://i.ebayimg.com/00/s/MTAyNFg3Njg=/z/EWMAAOSwE3Fc6C~O/$_72.JPG
https://www.premierguitar.com/ext/resources/archives/5e34f0ce-89de-49ca-af21-b6b741847d91.JPG?1502216412
https://static.keymusic.com/products/229610/XL/fender-custom-shop-american-custom-telecaster-mn-black-6.jpg
https://gbmedia.azureedge.net/aza/user/gear/1966-fender-telecaster-candy-apple-red-r4deMwG.jpg
https://c8.alamy.com/compde/hmxyr9/nahaufnahme-von-fender-telecaster-headstock-hmxyr9.jpg
https://www.gearnews.de/wp-content/uploads/2015/08/Fender_Telecaster_Signature_CHRIS_SHIFLETT_Tele_Deluxe_Shoreline_Gold.png
https://i.pinimg.com/originals/9a/e2/e7/9ae2e7672817f4712dd820dc21336f44.jpg
https://www.vintage-guitar.de/img/vintage/2838/Fender-Telecaster-1972-black-001.JPG
https://i.ytimg.com/vi/kMMfmb7siOk/maxresdefault.jpg
https://images-na.ssl-images-amazon.com/images/I/41yNtZp2BXL.jpg
https://www.picclickimg.com/d/l400/pict/202604628818_/Gitarre-Schlagbrett-Tele-Platte-f%C3%BCr-Fender-Telecaster-Teile.jpg
https://c.tutti.ch/images/fender-telecaster-bass-1968-rare-1429052806.jpg
https://guitar.com/wp-content/uploads/2018/04/29_06-62-768x513.jpg
https://i.ebayimg.com/00/s/MTAyNFg3Njg=/z/L3AAAOSww9xZCed4/$_72.JPG
https://www.bonedo.de/fileadmin/_processed_/5/7/csm_Fender_Telecaster_Bariton_003FIN_41b0656765.jpg
https://www.gearnews.com/wp-content/uploads/2016/06/MakenMusic_AmericanStandard_TelemasterX770.png
https://www.vintage-guitar.de/img/vintage/2771/Fender-Telecaster-Bass-1968_blond-001.JPG
https://i.pinimg.com/originals/86/ba/39/86ba39bd7d5a6559bef8b46559e2e0da.jpg
https://www.picclickimg.com/d/l400/pict/132883173571_/E-Gitarre-Squier-by-Fender-Telecaster-ProTone-Series-Candy.jpg
https://guitar.com/wp-content/uploads/2018/08/fender-tele-thinline-super-deluxe-parallel-universe@800x600.jpg
https://c.tutti.ch/images/fender-telecaster-3839892687.jpg
https://i.ytimg.com/vi/K6mpdHntvmw/maxresdefault.jpg
https://c8.alamy.com/compde/b2p8tg/nahaufnahme-eines-mannlichen-gitarristen-spielen-eine-fender-telecaster-e-gitarre-b2p8tg.jpg
https://i.ebayimg.com/00/s/MTAyNFg1NzY=/z/RagAAOSwOkxbxess/$_72.JPG
https://upload.wikimedia.org/wikipedia/commons/5/56/Fender_Telecaster_Deluxe_%28clip%29_%28horizontal%29.jpg
https://guitar.com/wp-content/uploads/2019/01/fender-tele-history-catalogue@1400x1050.jpg
https://c.tutti.ch/images/fender-telecaster-thinline-surf-green-made-in-japan-3014749088.jpg
https://www.picclickimg.com/d/l400/pict/163659679277_/1983-Fender-Telecaster-Elite-USA-vintage-100-original.jpg
https://i.pinimg.com/originals/f1/62/20/f16220761c69583e0d3471b4fe166bf1.jpg
https://i.ytimg.com/vi/dV4E9sbK5h4/maxresdefault.jpg
https://c.tutti.ch/images/chitarra-fender-telecaster-custom-72-reissue-3823775012.jpg
https://i.pinimg.com/originals/0e/44/8a/0e448aa6fee047b8cb2e3f925d7e2d13.jpg
https://www.picclickimg.com/d/l400/pict/113834324355_/Fender-Telecaster.jpg
https://www.picclickimg.com/d/l400/pict/264349302528_/fender-american-performer-telecaster-one-of-a-kind.jpg